Timestamp,A,B,C,RunTime,Total,AverageRunTime
12:00,30,20,10,106,60,1.7666666666666666
13:00,0,35,20,30,55,0.5454545454545454
14:00,22,14,50,47,86,0.5465116279069767
15:00,36,45,20,83,101,0.8217821782178217
16:00,22,0,14,20,36,0.5555555555555556
17:00,13,76,0,27,89,0.30337078651685395
18:00,34,0,67,90,101,0.8910891089108911
19:00,85,45,0,67,130,0.5153846153846153
20:00,34,0,67,46,101,0.45544554455445546
21:00,49,0,60,34,109,0.3119266055045872
22:00,10,59,10,87,79,1.1012658227848102
23:00,0,36,45,76,81,0.9382716049382716
